timestep,ep_rew_mean,ep_len_mean,success_rate,n_episodes
2048,0.0,500.0,0.0,4
4096,0.0,500.0,0.0,8
6144,0.0,500.0,0.0,12
8192,0.0,500.0,0.0,16
10240,0.0,500.0,0.0,20
12288,0.0,500.0,0.0,24
14336,0.0,500.0,0.0,28
16384,0.0,500.0,0.0,32
18432,0.0,500.0,0.0,36
20480,0.0,500.0,0.0,40
22528,0.0,500.0,0.0,45
24576,0.0,500.0,0.0,49
26624,0.0,500.0,0.0,53
28672,0.0,500.0,0.0,57
30720,0.0,500.0,0.0,61
32768,0.0,500.0,0.0,65
34816,0.0,500.0,0.0,69
36864,0.0,500.0,0.0,73
38912,0.0,500.0,0.0,77
40960,0.0,500.0,0.0,81
43008,0.0,500.0,0.0,86
45056,0.0,500.0,0.0,90
47104,0.0,500.0,0.0,94
49152,0.0,500.0,0.0,98
51200,0.0,500.0,0.0,100
53248,0.0,500.0,0.0,100
55296,0.0,500.0,0.0,100
57344,0.0,500.0,0.0,100
59392,0.0,500.0,0.0,100
61440,0.0,500.0,0.0,100
63488,0.0,500.0,0.0,100
65536,0.0,500.0,0.0,100
67584,0.0,500.0,0.0,100
69632,0.0,500.0,0.0,100
71680,0.0,500.0,0.0,100
73728,0.0,500.0,0.0,100
75776,0.0,500.0,0.0,100
77824,0.0,500.0,0.0,100
79872,0.0,500.0,0.0,100
81920,0.0,500.0,0.0,100
83968,0.0,500.0,0.0,100
86016,0.0,500.0,0.0,100
88064,0.0,500.0,0.0,100
90112,0.0,500.0,0.0,100
92160,0.0,500.0,0.0,100
94208,0.0,500.0,0.0,100
96256,0.0,500.0,0.0,100
98304,0.0,500.0,0.0,100
100352,0.0,500.0,0.0,100
102400,0.0,500.0,0.0,100
104448,0.0,500.0,0.0,100
106496,0.0,500.0,0.0,100
108544,0.0,500.0,0.0,100
110592,0.0,500.0,0.0,100
112640,0.0,500.0,0.0,100
114688,0.0,500.0,0.0,100
116736,0.0,500.0,0.0,100
118784,0.0,500.0,0.0,100
120832,0.0,500.0,0.0,100
122880,0.0,500.0,0.0,100
124928,0.0,500.0,0.0,100
126976,0.0,500.0,0.0,100
129024,0.0,500.0,0.0,100
131072,0.0,500.0,0.0,100
133120,0.0,500.0,0.0,100
135168,0.0,500.0,0.0,100
137216,0.0,500.0,0.0,100
139264,0.0,500.0,0.0,100
141312,0.0,500.0,0.0,100
143360,0.0,500.0,0.0,100
145408,0.0,500.0,0.0,100
147456,0.0,500.0,0.0,100
149504,0.0,500.0,0.0,100
151552,0.0,500.0,0.0,100
153600,0.0,500.0,0.0,100
155648,0.0,500.0,0.0,100
157696,0.0,500.0,0.0,100
159744,0.0,500.0,0.0,100
161792,0.0,500.0,0.0,100
163840,0.0,500.0,0.0,100
165888,0.0,500.0,0.0,100
167936,0.0,500.0,0.0,100
169984,0.0,500.0,0.0,100
172032,0.0,500.0,0.0,100
174080,0.0,500.0,0.0,100
176128,0.0,500.0,0.0,100
178176,0.0,500.0,0.0,100
180224,0.0,500.0,0.0,100
182272,0.0,500.0,0.0,100
184320,0.0,500.0,0.0,100
186368,0.0,500.0,0.0,100
188416,0.0,500.0,0.0,100
190464,0.0,500.0,0.0,100
192512,0.0,500.0,0.0,100
194560,0.0,500.0,0.0,100
196608,0.0,500.0,0.0,100
198656,0.0,500.0,0.0,100
200704,0.0,500.0,0.0,100
